Time,Channel A,Channel B
(us),(mV),(mV)

-1.00970003,-3.96740600,-3.17392500
-1.00470003,-3.96740600,-3.17392500
-0.99970003,-3.96740600,-3.17392500
-0.99470003,-3.96740600,-3.17392500
-0.98970003,-3.96740600,-3.19834000
-0.98470003,-3.96740600,-3.28989500
-0.97970003,-3.96740600,-2.84432500
-0.97470003,-3.96740600,-1.91656200
-0.96970003,-3.96740600,-1.47099200
-0.96470003,-3.96740600,-1.56254800
-0.95970003,-3.96740600,-1.58696200
-0.95470003,-3.96740600,-1.58696200
-0.94970003,-3.96740600,-1.61137700
-0.94470003,-3.96740600,-1.70293300
-0.93970003,-3.96740600,-1.23294800
-0.93470003,-3.96740600,-0.21362960
-0.92970003,-3.96740600,-0.23804440
-0.92470003,-3.96740600,-1.34891800
-0.91970003,-3.96740600,-1.34891800
-0.91470003,-3.96740600,-0.23804440
-0.90970003,-3.96740600,-0.21362960
-0.90470003,-3.96740600,-1.23294800
-0.89970003,-3.96740600,-1.70293300
-0.89470003,-3.96740600,-1.61137700
-0.88970003,-3.96740600,-1.58696200
-0.88470003,-3.96740600,-1.58696200
-0.87970003,-3.96740600,-1.56254800
-0.87470003,-3.96740600,-1.47099200
-0.86970003,-3.96740600,-1.89214800
-0.86470003,-3.96740600,-2.72835500
-0.85970003,-3.96740600,-3.64391000
-0.85470003,-3.96740600,-4.57167300
-0.84970003,-3.96740600,-4.54725700
-0.84470003,-3.96740600,-3.52794000
-0.83970003,-3.96740600,-3.05795500
-0.83470003,-3.96740600,-3.14951000
-0.82970003,-3.96740600,-3.17392500
-0.82470003,-3.96740600,-3.17392500
-0.81970003,-3.96740600,-3.17392500
-0.81470003,-3.96740600,-3.17392500
-0.80970003,-3.96740600,-3.17392500
-0.80470003,-3.96740600,-3.17392500
-0.79970003,-3.96740600,-3.17392500
-0.79470003,-3.96740600,-3.17392500
-0.78970003,-3.96740600,-3.17392500
-0.78470003,-3.96740600,-3.17392500
-0.77970003,-3.96740600,-3.17392500
-0.77470003,-3.96740600,-3.17392500
-0.76970003,-3.96740600,-3.17392500
-0.76470003,-3.96740600,-3.17392500
-0.75970003,-3.96740600,-3.17392500
-0.75470003,-3.96740600,-3.17392500
-0.74970003,-3.96740600,-3.17392500
-0.74470003,-3.96740600,-3.17392500
-0.73970003,-3.96740600,-3.17392500
-0.73470003,-3.96740600,-3.17392500
-0.72970003,-3.96740600,-3.17392500
-0.72470003,-3.96740600,-3.17392500
-0.71970003,-3.96740600,-3.17392500
-0.71470003,-3.96740600,-3.17392500
-0.70970003,-3.96740600,-3.19834000
-0.70470003,-3.96740600,-3.28989500
-0.69970003,-3.96740600,-2.81991000
-0.69470003,-3.96740600,-1.80059200
-0.68970003,-3.96740600,-1.80059200
-0.68470003,-3.96740600,-2.81991000
-0.67970003,-3.96740600,-3.28989500
-0.67470003,-3.96740600,-3.19834000
-0.66970003,-3.96740600,-3.19834000
-0.66470003,-3.96740600,-3.28989500
-0.65970003,-3.96740600,-2.81991000
-0.65470003,-3.96740600,-1.80059200
-0.64970003,-3.96740600,-1.82500700
-0.64470003,-3.96740600,-2.93588100
-0.63970003,-3.96740600,-2.96029500
-0.63470003,-3.96740600,-1.94097700
-0.62970003,-3.96740600,-1.47099200
-0.62470003,-3.96740600,-1.56254800
-0.61970003,-3.96740600,-1.61137700
-0.61470003,-3.96740600,-1.70293300
-0.60970003,-3.96740600,-1.23294800
-0.60470003,-3.96740600,-0.21362960
-0.59970003,-3.96740600,-0.21362960
-0.59470003,-3.96740600,-1.23294800
-0.58970003,-3.96740600,-1.72734800
-0.58470003,-3.96740600,-1.72734800
-0.57970003,-3.96740600,-1.25736300
-0.57470003,-3.96740600,-0.32959990
-0.56970003,-3.96740600,0.14038510
-0.56470003,-3.96740600,0.14038510
-0.55970003,-3.96740600,-0.32959990
-0.55470003,-3.96740600,-1.25736300
-0.54970003,-3.96740600,-1.70293300
-0.54470003,-3.96740600,-1.61137700
-0.53970003,-3.96740600,-1.58696200
-0.53470003,-3.96740600,-1.58696200
-0.52970003,-3.96740600,-1.56254800
-0.52470003,-3.96740600,-1.47099200
-0.51970003,-3.96740600,-1.89214800
-0.51470003,-3.96740600,-2.72835500
-0.50970003,-3.96740600,-3.64391000
-0.50470003,-3.96740600,-4.57167300
-0.49970003,-3.90636900,-4.54725700
-0.49470003,-3.67748000,-3.52794000
-0.48970003,-4.85244300,-3.08237000
-0.48470003,-7.40073800,-3.26548100
-0.47970003,-7.40073800,-2.81991000
-0.47470003,-4.85244300,-1.80059200
-0.46970003,-3.67748000,-1.80059200
-0.46470003,-3.90636900,-2.81991000
-0.45970003,-3.96740600,-3.28989500
-0.45470003,-3.96740600,-3.19834000
-0.44970003,-3.96740600,-3.17392500
-0.44470003,-3.96740600,-3.17392500
-0.43970003,-3.96740600,-3.14951000
-0.43470003,-3.96740600,-3.05795500
-0.42970003,-3.96740600,-3.52794000
-0.42470003,-3.96740600,-4.54725700
-0.41970003,-3.96740600,-4.54725700
-0.41470003,-3.96740600,-3.52794000
-0.40970003,-3.96740600,-3.05795500
-0.40470003,-3.96740600,-3.14951000
-0.39970003,-3.96740600,-3.14951000
-0.39470003,-3.96740600,-3.05795500
-0.38970003,-3.96740600,-3.52794000
-0.38470003,-3.96740600,-4.54725700
-0.37970003,-3.96740600,-4.52284300
-0.37470003,-3.96740600,-3.41196900
-0.36970003,-3.96740600,-3.41196900
-0.36470003,-3.96740600,-4.52284300
-0.35970003,-3.96740600,-4.54725700
-0.35470003,-3.96740600,-3.52794000
-0.34970003,-3.96740600,-3.08237000
-0.34470003,-3.96740600,-3.26548100
-0.33970003,-3.96740600,-2.84432500
-0.33470003,-3.96740600,-1.91656200
-0.32970003,-3.96740600,-1.44657700
-0.32470003,-3.96740600,-1.44657700
-0.31970003,-3.96740600,-1.94097700
-0.31470003,-3.96740600,-2.96029500
-0.30970003,-3.96740600,-2.93588100
-0.30470003,-3.96740600,-1.82500700
-0.29970003,-3.96740600,-1.80059200
-0.29470003,-3.96740600,-2.81991000
-0.28970003,-3.96740600,-3.26548100
-0.28470003,-3.96740600,-3.08237000
-0.27970003,-3.96740600,-3.52794000
-0.27470003,-3.96740600,-4.54725700
-0.26970003,-3.96740600,-4.54725700
-0.26470003,-3.96740600,-3.52794000
-0.25970003,-3.96740600,-3.03354000
-0.25470003,-3.96740600,-3.03354000
-0.24970003,-3.96740600,-3.50352500
-0.24470003,-3.96740600,-4.43128700
-0.23970003,-3.96740600,-4.87685800
-0.23470003,-3.96740600,-4.78530200
-0.22970003,-3.96740600,-4.78530200
-0.22470003,-3.96740600,-4.87685800
-0.21970003,-3.96740600,-4.40687300
-0.21470003,-3.96740600,-3.38755500
-0.20970003,-3.96740600,-3.41196900
-0.20470003,-3.96740600,-4.52284300
-0.19970003,-4.02844300,-4.54725700
-0.19470003,-4.25733200,-3.52794000
-0.18970003,-3.14340600,-3.05795500
-0.18470003,-0.82399970,-3.14951000
-0.17970003,0.22888880,-3.14951000
-0.17470003,-0.22888880,-3.05795500
-0.16970003,0.76296270,-3.47911000
-0.16470003,2.85348100,-4.31531700
-0.15970003,5.02029500,-5.20645800
-0.15470003,6.88192400,-6.04266500
-0.14970003,8.98770000,-6.46382000
-0.14470003,10.84933000,-6.37226500
-0.13970003,12.95511000,-6.32343500
-0.13470003,14.81674000,-6.23187900
-0.12970003,16.87673000,-6.67745000
-0.12470003,18.47896000,-7.60521200
-0.11970003,21.66814000,-8.05078300
-0.11470003,25.58977000,-7.95922800
-0.10970003,29.95392000,-7.91039800
-0.10470003,33.87555000,-7.81884200
-0.09970003,37.00369000,-8.28882700
-0.09470003,38.37702000,-9.30814500
-0.08970003,41.56620000,-9.28373100
-0.08470003,45.71672000,-8.17285700
-0.07970003,48.90591000,-8.17285700
-0.07470003,50.27924000,-9.28373100
-0.06970003,53.40739000,-9.28373100
-0.06470003,57.32902000,-8.17285700
-0.05970003,61.63213000,-8.19727100
-0.05470003,65.32487000,-9.39970000
-0.04970003,69.62798000,-8.97854500
-0.04470003,73.56486000,-7.03146500
-0.03970003,76.69301000,-6.11590900
-0.03470003,78.06635000,-6.29902000
-0.02970003,81.19450000,-6.34785000
-0.02470003,85.11612000,-6.34785000
-0.01970003,89.48026000,-6.34785000
-0.01470003,93.40189000,-6.34785000
-0.00970003,96.59108000,-6.37226500
-0.00470003,98.19330000,-6.46382000
0.00029997,100.20750000,-5.99383500
0.00529997,101.80970000,-4.97451700
0.01029997,104.99890000,-4.99893200
0.01529997,108.92060000,-6.10980600
0.02029997,113.28470000,-6.10980600
0.02529997,117.20630000,-4.99893200
0.03029997,120.39550000,-4.97451700
0.03529997,121.99770000,-5.99383500
0.04029997,124.05770000,-6.43940500
0.04529997,125.91940000,-6.25629500
0.05029997,127.97940000,-6.72627900
0.05529997,129.58160000,-7.83715300
0.06029997,132.87760000,-7.36716800
0.06529997,137.28750000,-5.32853200
0.07029997,139.34750000,-4.85854700
0.07529997,138.40140000,-5.96942000
0.08029997,140.52250000,-6.46382000
0.08529997,145.17650000,-6.37226500
0.09029997,147.35860000,-6.34785000
0.09529997,146.65670000,-6.34785000
0.10029997,147.64850000,-6.34785000
0.10529997,149.96790000,-6.34785000
0.11029997,151.02080000,-6.34785000
0.11529997,150.56300000,-6.34785000
0.12029997,151.55490000,-6.37226500
0.12529997,153.64540000,-6.46382000
0.13029997,155.87330000,-5.99383500
0.13529997,157.96380000,-4.97451700
0.14029997,159.01670000,-4.99893200
0.14529997,158.78780000,-6.10980600
0.15029997,158.72680000,-6.10980600
0.15529997,158.72680000,-4.99893200
0.16029997,158.72680000,-5.02334600
0.16529997,158.72680000,-6.22577600
0.17029997,158.72680000,-5.75579100
0.17529997,158.72680000,-3.62559900
0.18029997,158.78780000,-3.62559900
0.18529997,159.01670000,-5.75579100
0.19029997,157.90280000,-6.25019100
0.19529997,155.58340000,-5.13931700
0.20029997,154.53050000,-4.64491700
0.20529997,154.98820000,-4.73647300
0.21029997,153.99640000,-4.76088700
0.21529997,151.90590000,-4.76088700
0.22029997,149.67800000,-4.78530200
0.22529997,147.58750000,-4.87685800
0.23029997,146.59560000,-4.40687300
0.23529997,147.05340000,-3.38755500
0.24029997,146.00050000,-3.38755500
0.24529997,143.68110000,-4.40687300
0.25029997,142.62830000,-4.87685800
0.25529997,143.08600000,-4.78530200
0.26029997,142.03310000,-4.73647300
0.26529997,139.69850000,-4.64491700
0.27029997,138.64560000,-5.09048700
0.27529997,139.10340000,-6.01825000
0.28029997,138.05050000,-6.43940500
0.28529997,135.73110000,-6.25629500
0.29029997,134.61710000,-6.67745000
0.29529997,134.84600000,-7.60521200
0.30029997,134.96810000,-8.05078300
0.30529997,135.19700000,-7.95922800
0.31029997,134.08310000,-7.93481200
0.31529997,131.76370000,-7.93481200
0.32029997,130.71080000,-7.93481200
0.32529997,131.16850000,-7.93481200
0.33029997,130.11560000,-7.93481200
0.33529997,127.79630000,-7.93481200
0.34029997,126.68230000,-7.93481200
0.34529997,126.91120000,-7.93481200
0.35029997,126.97230000,-7.93481200
0.35529997,126.97230000,-7.93481200
0.36029997,127.03330000,-7.93481200
0.36529997,127.26220000,-7.93481200
0.37029997,126.14820000,-7.95922800
0.37529997,123.82880000,-8.05078300
0.38029997,122.71490000,-7.60521200
0.38529997,122.94380000,-6.67745000
0.39029997,123.00480000,-6.23187900
0.39529997,123.00480000,-6.32343500
0.40029997,123.06590000,-6.34785000
0.40529997,123.29480000,-6.34785000
0.41029997,122.18080000,-6.37226500
0.41529997,119.86140000,-6.46382000
0.42029997,118.74750000,-6.01825000
0.42529997,118.97640000,-5.09048700
0.43029997,119.03740000,-4.64491700
0.43529997,119.03740000,-4.73647300
0.44029997,119.03740000,-4.76088700
0.44529997,119.03740000,-4.76088700
0.45029997,119.03740000,-4.76088700
0.45529997,119.03740000,-4.76088700
0.46029997,119.03740000,-4.76088700
0.46529997,119.03740000,-4.76088700
0.47029997,119.09850000,-4.76088700
0.47529997,119.32740000,-4.76088700
0.48029997,118.21340000,-4.78530200
0.48529997,115.89400000,-4.87685800
0.49029997,114.78010000,-4.43128700
0.49529997,115.00900000,-3.50352500
0.50029997,115.07000000,-3.05795500
0.50529996,115.07000000,-3.14951000
0.51029996,115.07000000,-3.14951000
0.51529996,115.07000000,-3.05795500
0.52029996,115.07000000,-3.50352500
0.52529996,115.07000000,-4.43128700
0.53029996,115.13110000,-4.90127200
0.53529996,115.36000000,-4.90127200
0.54029996,114.24600000,-4.40687300
0.54529996,111.92660000,-3.38755500
0.55029996,110.81270000,-3.38755500
0.55529996,111.04160000,-4.40687300
0.56029996,111.10260000,-4.87685800
0.56529996,111.10260000,-4.78530200
0.57029996,111.10260000,-4.76088700
0.57529996,111.10260000,-4.76088700
0.58029996,111.10260000,-4.76088700
0.58529996,111.10260000,-4.76088700
0.59029996,111.10260000,-4.76088700
0.59529996,111.10260000,-4.76088700
0.60029996,111.10260000,-4.76088700
0.60529996,111.10260000,-4.76088700
0.61029996,111.16370000,-4.76088700
0.61529996,111.39250000,-4.76088700
0.62029996,110.27860000,-4.76088700
0.62529996,107.95920000,-4.76088700
0.63029996,106.84530000,-4.78530200
0.63529996,107.07420000,-4.87685800
0.64029996,107.13520000,-4.43128700
0.64529996,107.13520000,-3.50352500
0.65029996,107.13520000,-3.03354000
0.65529996,107.13520000,-3.03354000
0.66029996,107.13520000,-3.50352500
0.66529996,107.13520000,-4.43128700
0.67029996,107.19630000,-4.87685800
0.67529996,107.42510000,-4.78530200
0.68029996,106.31120000,-4.76088700
0.68529996,103.99180000,-4.76088700
0.69029996,102.87790000,-4.76088700
0.69529996,103.10680000,-4.76088700
0.70029996,103.16780000,-4.78530200
0.70529996,103.16780000,-4.87685800
0.71029996,103.16780000,-4.43128700
0.71529996,103.16780000,-3.50352500
0.72029996,103.16780000,-3.05795500
0.72529996,103.16780000,-3.14951000
0.73029996,103.16780000,-3.17392500
0.73529996,103.16780000,-3.17392500
0.74029996,103.16780000,-3.17392500
0.74529996,103.16780000,-3.17392500
0.75029996,103.22890000,-3.17392500
0.75529996,103.45770000,-3.17392500
0.76029996,102.34380000,-3.17392500
0.76529996,100.02440000,-3.17392500
0.77029996,98.91048000,-3.17392500
0.77529996,99.13937000,-3.17392500
0.78029996,99.20041000,-3.19834000
0.78529996,99.20041000,-3.28989500
0.79029996,99.20041000,-2.81991000
0.79529996,99.20041000,-1.80059200
0.80029996,99.20041000,-1.80059200
0.80529996,99.20041000,-2.81991000
0.81029996,99.20041000,-3.28989500
0.81529996,99.20041000,-3.19834000
0.82029996,99.26145000,-3.19834000
0.82529996,99.49034000,-3.28989500
0.83029996,98.31538000,-2.84432500
0.83529996,95.76707000,-1.91656200
0.84029996,95.82811000,-1.47099200
0.84529996,98.60530000,-1.56254800
0.85029996,98.66634000,-1.58696200
0.85529996,96.11804000,-1.58696200
0.86029996,94.94308000,-1.61137700
0.86529996,95.17197000,-1.70293300
0.87029996,95.23300000,-1.20853300
0.87529996,95.23300000,-0.09765923
0.88029996,95.23300000,-0.51881460
0.88529996,95.23300000,-2.37434000
0.89029996,95.29404000,-3.78429500
0.89529996,95.52293000,-4.71205800
0.90029996,94.34796000,-4.21765800
0.90529996,91.79967000,-2.27057700
0.91029996,91.79967000,-1.30619200
0.91529996,94.34796000,-1.30619200
0.92029996,95.58397000,-2.24616200
0.92529996,95.58397000,-4.10168800
0.93029996,94.40900000,-4.99282800
0.93529996,92.08959000,-4.80971700
0.94029996,90.97568000,-4.76088700
0.94529996,91.20457000,-4.76088700
0.95029996,91.26560000,-4.76088700
0.95529996,91.26560000,-4.76088700
0.96029996,91.26560000,-4.76088700
0.96529996,91.26560000,-4.76088700
0.97029996,91.32664000,-4.76088700
0.97529996,91.55552000,-4.76088700
0.98029996,90.38056000,-4.78530200
0.98529996,87.83227000,-4.87685800
0.99029996,87.83227000,-4.43128700
0.99529996,90.38056000,-3.50352500
1.00029996,91.61655000,-3.05795500
1.00529996,91.61655000,-3.14951000
1.01029996,90.44160000,-3.19834000
1.01529996,88.12219000,-3.28989500
1.02029996,87.00826000,-2.84432500
1.02529996,87.23715000,-1.91656200
1.03029996,87.29819000,-1.47099200
1.03529996,87.29819000,-1.56254800
1.04029996,87.29819000,-1.58696200
1.04529996,87.29819000,-1.58696200
1.05029996,87.29819000,-1.58696200
1.05529996,87.29819000,-1.58696200
1.06029996,87.29819000,-1.58696200
1.06529996,87.29819000,-1.58696200
1.07029996,87.29819000,-1.56254800
1.07529996,87.29819000,-1.47099200
1.08029996,87.35923000,-1.91656200
1.08529996,87.58812000,-2.84432500
1.09029996,86.47419000,-3.28989500
1.09529996,84.15479000,-3.19834000
1.10029996,83.04086000,-3.17392500
1.10529996,83.26974000,-3.17392500
1.11029996,83.33078000,-3.17392500
1.11529996,83.33078000,-3.17392500
1.12029996,83.33078000,-3.17392500
1.12529996,83.33078000,-3.17392500
1.13029996,83.33078000,-3.17392500
1.13529996,83.33078000,-3.17392500
1.14029996,83.33078000,-3.14951000
1.14529996,83.33078000,-3.05795500
1.15029996,83.33078000,-3.50352500
1.15529996,83.33078000,-4.43128700
1.16029996,83.39182000,-4.90127200
1.16529996,83.62070000,-4.90127200
1.17029996,82.50678000,-4.40687300
1.17529996,80.18738000,-3.38755500
1.18029996,79.07346000,-3.38755500
1.18529996,79.30235000,-4.40687300
1.19029996,79.36338000,-4.87685800
1.19529996,79.36338000,-4.78530200
1.20029996,79.36338000,-4.78530200
1.20529996,79.36338000,-4.87685800
1.21029996,79.36338000,-4.40687300
1.21529996,79.36338000,-3.38755500
1.22029996,79.36338000,-3.38755500
1.22529996,79.36338000,-4.40687300
1.23029996,79.36338000,-4.87685800
1.23529996,79.36338000,-4.78530200
1.24029996,79.36338000,-4.76088700
1.24529996,79.36338000,-4.76088700
1.25029996,79.42442000,-4.76088700
1.25529996,79.65331000,-4.76088700
1.26029996,78.47834000,-4.78530200
1.26529996,75.93005000,-4.87685800
1.27029996,75.99108000,-4.43128700
1.27529996,78.76827000,-3.50352500
1.28029996,78.82931000,-3.05795500
1.28529996,76.28101000,-3.14951000
1.29029996,75.10605000,-3.17392500
1.29529996,75.33494000,-3.17392500
1.30029996,75.39597000,-3.17392500
1.30529996,75.39597000,-3.17392500
1.31029996,75.39597000,-3.19834000
1.31529996,75.39597000,-3.28989500
1.32029996,75.39597000,-2.84432500
1.32529996,75.39597000,-1.91656200
1.33029996,75.39597000,-1.44657700
1.33529996,75.39597000,-1.44657700
1.34029996,75.39597000,-1.94097700
1.34529996,75.39597000,-2.96029500
1.35029996,75.39597000,-2.93588100
1.35529996,75.39597000,-1.82500700
1.36029996,75.39597000,-1.80059200
1.36529996,75.39597000,-2.81991000
1.37029996,75.45701000,-3.28989500
1.37529996,75.68590000,-3.19834000
1.38029996,74.57197000,-3.19834000
1.38529996,72.25256000,-3.28989500
1.39029996,71.13864000,-2.81991000
1.39529996,71.36753000,-1.80059200
1.40029996,71.42857000,-1.80059200
1.40529996,71.42857000,-2.81991000
1.41029996,71.42857000,-3.28989500
1.41529996,71.42857000,-3.19834000
1.42029996,71.42857000,-3.19834000
1.42529996,71.42857000,-3.28989500
1.43029996,71.42857000,-2.84432500
1.43529996,71.42857000,-1.91656200
1.44029996,71.42857000,-1.44657700
1.44529996,71.42857000,-1.44657700
1.45029996,71.42857000,-1.94097700
1.45529996,71.42857000,-2.96029500
1.46029996,71.42857000,-2.96029500
1.46529996,71.42857000,-1.94097700
1.47029996,71.42857000,-1.44657700
1.47529996,71.42857000,-1.44657700
1.48029996,71.42857000,-1.91656200
1.48529996,71.42857000,-2.84432500
1.49029996,71.48961000,-3.28989500
1.49529996,71.71850000,-3.19834000
1.50029996,70.60457000,-3.17392500
1.50529996,68.26991000,-3.17392500
1.51029996,67.15598000,-3.17392500
1.51529996,67.38486000,-3.17392500
1.52029996,67.44590000,-3.17392500
1.52529996,67.44590000,-3.17392500
1.53029996,67.44590000,-3.17392500
1.53529996,67.44590000,-3.17392500
1.54029996,67.44590000,-3.17392500
1.54529996,67.44590000,-3.17392500
1.55029996,67.44590000,-3.17392500
1.55529996,67.44590000,-3.17392500
1.56029996,67.44590000,-3.17392500
1.56529996,67.44590000,-3.17392500
1.57029996,67.50694000,-3.17392500
1.57529996,67.73582000,-3.17392500
1.58029996,66.56087000,-3.17392500
1.58529996,64.01257000,-3.17392500
1.59029996,64.01257000,-3.17392500
1.59529996,66.56087000,-3.17392500
1.60029996,67.79687000,-3.17392500
1.60529996,67.79687000,-3.17392500
1.61029996,66.62190000,-3.17392500
1.61529996,64.30249000,-3.17392500
1.62029996,63.18857000,-3.17392500
1.62529996,63.41746000,-3.17392500
1.63029996,63.47850000,-3.17392500
1.63529996,63.47850000,-3.17392500
1.64029996,63.47850000,-3.17392500
1.64529996,63.47850000,-3.17392500
1.65029996,63.47850000,-3.19834000
1.65529996,63.47850000,-3.28989500
1.66029996,63.47850000,-2.84432500
1.66529996,63.47850000,-1.91656200
1.67029996,63.47850000,-1.44657700
1.67529996,63.47850000,-1.44657700
1.68029996,63.47850000,-1.94097700
1.68529996,63.47850000,-2.96029500
1.69029996,63.47850000,-2.93588100
1.69529996,63.47850000,-1.82500700
1.70029996,63.47850000,-1.80059200
1.70529996,63.47850000,-2.81991000
1.71029996,63.53953000,-3.28989500
1.71529996,63.76842000,-3.19834000
1.72029996,62.65450000,-3.17392500
1.72529996,60.33509000,-3.17392500
1.73029996,59.22116000,-3.17392500
1.73529996,59.45005000,-3.17392500
1.74029996,59.51109000,-3.14951000
1.74529996,59.51109000,-3.05795500
1.75029996,59.51109000,-3.50352500
1.75529996,59.51109000,-4.43128700
1.76029996,59.51109000,-4.90127200
1.76529996,59.51109000,-4.90127200
1.77029996,59.51109000,-4.40687300
1.77529996,59.51109000,-3.38755500
1.78029996,59.51109000,-3.38755500
1.78529996,59.51109000,-4.40687300
1.79029996,59.51109000,-4.87685800
1.79529996,59.51109000,-4.78530200
1.80029996,59.51109000,-4.76088700
1.80529996,59.51109000,-4.76088700
1.81029996,59.51109000,-4.76088700
1.81529996,59.51109000,-4.76088700
1.82029996,59.51109000,-4.78530200
1.82529996,59.51109000,-4.87685800
1.83029996,59.57213000,-4.43128700
1.83529996,59.80102000,-3.50352500
1.84029996,58.68709000,-3.05795500
1.84529996,56.36768000,-3.14951000
1.85029996,55.25376000,-3.14951000
1.85529996,55.48264000,-3.05795500
1.86029996,55.54368000,-3.50352500
1.86529996,55.54368000,-4.43128700
1.87029996,55.54368000,-4.90127200
1.87529996,55.54368000,-4.90127200
1.88029996,55.54368000,-4.43128700
1.88529996,55.54368000,-3.50352500
1.89029996,55.54368000,-3.05795500
1.89529996,55.54368000,-3.14951000
1.90029996,55.54368000,-3.17392500
1.90529996,55.54368000,-3.17392500
1.91029996,55.54368000,-3.14951000
1.91529996,55.54368000,-3.05795500
1.92029996,55.54368000,-3.52794000
1.92529996,55.54368000,-4.54725700
1.93029996,55.54368000,-4.54725700
1.93529996,55.54368000,-3.52794000
1.94029996,55.54368000,-3.03354000
1.94529996,55.54368000,-3.03354000
1.95029996,55.60472000,-3.50352500
1.95529996,55.83361000,-4.43128700
1.96029996,54.71968000,-4.87685800
1.96529996,52.40028000,-4.78530200
1.97029996,51.28635000,-4.76088700
1.97529996,51.51524000,-4.76088700
1.98029996,51.57627000,-4.78530200
1.98529996,51.57627000,-4.87685800
1.99029996,51.57627000,-4.40687300
1.99529996,51.57627000,-3.38755500
2.00029996,51.57627000,-3.38755500
2.00529996,51.57627000,-4.40687300
2.01029996,51.57627000,-4.87685800
2.01529996,51.57627000,-4.78530200
2.02029996,51.57627000,-4.76088700
2.02529996,51.57627000,-4.76088700
2.03029996,51.57627000,-4.78530200
2.03529996,51.57627000,-4.87685800
2.04029996,51.57627000,-4.43128700
2.04529996,51.57627000,-3.50352500
2.05029996,51.57627000,-3.05795500
2.05529996,51.57627000,-3.14951000
2.06029996,51.57627000,-3.17392500
2.06529996,51.57627000,-3.17392500
2.07029996,51.57627000,-3.17392500
2.07529996,51.57627000,-3.17392500
2.08029996,51.57627000,-3.17392500
2.08529996,51.57627000,-3.17392500
2.09029996,51.63731000,-3.17392500
2.09529996,51.86620000,-3.17392500
2.10029996,50.75228000,-3.19834000
2.10529996,48.43287000,-3.28989500
2.11029996,47.31895000,-2.79549500
2.11529996,47.54784000,-1.68462200
2.12029996,47.60887000,-2.15460700
2.12529996,47.60887000,-4.19324400
2.13029996,47.60887000,-4.66322800
2.13529996,47.60887000,-3.55235400
2.14029996,47.60887000,-3.05795500
2.14529996,47.60887000,-3.14951000
2.15029995,47.60887000,-3.14951000
2.15529995,47.60887000,-3.05795500
2.16029995,47.60887000,-3.50352500
2.16529995,47.60887000,-4.43128700
2.17029995,47.60887000,-4.90127200
2.17529995,47.60887000,-4.90127200
2.18029995,47.60887000,-4.43128700
2.18529995,47.60887000,-3.50352500
2.19029995,47.60887000,-3.03354000
2.19529995,47.60887000,-3.03354000
2.20029995,47.60887000,-3.52794000
2.20529995,47.60887000,-4.54725700
2.21029995,47.60887000,-4.54725700
2.21529995,47.60887000,-3.52794000
2.22029995,47.60887000,-3.05795500
2.22529995,47.60887000,-3.14951000
2.23029995,47.60887000,-3.14951000
2.23529995,47.60887000,-3.05795500
2.24029995,47.66991000,-3.50352500
2.24529995,47.89880000,-4.43128700
2.25029995,46.72383000,-4.90127200
2.25529995,44.17554000,-4.90127200
2.26029995,44.23658000,-4.40687300
2.26529995,47.01376000,-3.38755500
2.27029995,47.07480000,-3.38755500
2.27529995,44.52650000,-4.40687300
2.28029995,43.35154000,-4.87685800
2.28529995,43.58043000,-4.78530200
2.29029995,43.64147000,-4.73647300
2.29529995,43.64147000,-4.64491700
2.30029995,43.64147000,-5.09048700
2.30529995,43.64147000,-6.01825000
2.31029995,43.64147000,-6.48823500
2.31529995,43.64147000,-6.48823500
2.32029995,43.64147000,-6.01825000
2.32529995,43.64147000,-5.09048700
2.33029995,43.64147000,-4.64491700
2.33529995,43.64147000,-4.73647300
2.34029995,43.64147000,-4.76088700
2.34529995,43.64147000,-4.76088700
2.35029995,43.64147000,-4.78530200
2.35529995,43.64147000,-4.87685800
2.36029995,43.64147000,-4.43128700
2.36529995,43.64147000,-3.50352500
2.37029995,43.64147000,-3.05795500
2.37529995,43.64147000,-3.14951000
2.38029995,43.64147000,-3.17392500
2.38529995,43.64147000,-3.17392500
2.39029995,43.64147000,-3.17392500
2.39529995,43.64147000,-3.17392500
2.40029995,43.70250000,-3.17392500
2.40529995,43.93139000,-3.17392500
2.41029995,42.75643000,-3.17392500
2.41529995,40.20813000,-3.17392500
2.42029995,40.26917000,-3.19834000
2.42529995,43.04636000,-3.28989500
2.43029995,43.04636000,-2.79549500
2.43529995,40.26917000,-1.68462200
2.44029995,40.20813000,-2.15460700
2.44529995,42.75643000,-4.19324400
2.45029995,43.99243000,-4.66322800
2.45529995,43.99243000,-3.55235400
2.46029995,42.81747000,-3.08237000
2.46529995,40.49806000,-3.26548100
2.47029995,39.38414000,-2.84432500
2.47529995,39.61302000,-1.91656200
2.48029995,39.67406000,-1.47099200
2.48529995,39.67406000,-1.56254800
2.49029995,39.67406000,-1.58696200
2.49529995,39.67406000,-1.58696200
2.50029995,39.67406000,-1.58696200
2.50529995,39.67406000,-1.58696200
2.51029995,39.67406000,-1.58696200
2.51529995,39.67406000,-1.58696200
2.52029995,39.67406000,-1.56254800
2.52529995,39.67406000,-1.47099200
2.53029995,39.67406000,-1.91656200
2.53529995,39.67406000,-2.84432500
2.54029995,39.67406000,-3.28989500
2.54529995,39.67406000,-3.19834000
2.55029995,39.67406000,-3.14951000
2.55529995,39.67406000,-3.05795500
2.56029995,39.67406000,-3.50352500
2.56529995,39.67406000,-4.43128700
2.57029995,39.67406000,-4.90127200
2.57529995,39.67406000,-4.90127200
2.58029995,39.73510000,-4.40687300
2.58529995,39.96399000,-3.38755500
2.59029995,38.85006000,-3.41196900
2.59529995,36.53065000,-4.52284300
2.60029995,35.41673000,-4.52284300
2.60529995,35.64562000,-3.41196900
2.61029995,35.70665000,-3.41196900
2.61529995,35.70665000,-4.52284300
2.62029995,35.70665000,-4.52284300
2.62529995,35.70665000,-3.41196900
2.63029995,35.70665000,-3.41196900
2.63529995,35.70665000,-4.52284300
2.64029995,35.70665000,-4.54725700
2.64529995,35.70665000,-3.52794000
2.65029995,35.70665000,-3.05795500
2.65529995,35.70665000,-3.14951000
2.66029995,35.70665000,-3.14951000
2.66529995,35.70665000,-3.05795500
2.67029995,35.70665000,-3.52794000
2.67529995,35.70665000,-4.54725700
2.68029995,35.70665000,-4.54725700
2.68529995,35.70665000,-3.52794000
2.69029995,35.70665000,-3.05795500
2.69529995,35.70665000,-3.14951000
2.70029995,35.70665000,-3.14951000
2.70529995,35.70665000,-3.05795500
2.71029995,35.70665000,-3.52794000
2.71529995,35.70665000,-4.54725700
2.72029995,35.70665000,-4.54725700
2.72529995,35.70665000,-3.52794000
2.73029995,35.70665000,-3.05795500
2.73529995,35.70665000,-3.14951000
2.74029995,35.70665000,-3.17392500
2.74529995,35.70665000,-3.17392500
2.75029995,35.70665000,-3.17392500
2.75529995,35.70665000,-3.17392500
2.76029995,35.76769000,-3.17392500
2.76529995,35.99658000,-3.17392500
2.77029995,34.88266000,-3.17392500
2.77529995,32.56325000,-3.17392500
2.78029995,31.44932000,-3.19834000
2.78529995,31.67821000,-3.28989500
2.79029995,31.67821000,-2.84432500
2.79529995,31.44932000,-1.91656200
2.80029995,32.62428000,-1.47099200
2.80529995,35.17258000,-1.56254800
2.81029995,35.17258000,-1.58696200
2.81529995,32.62428000,-1.58696200
2.82029995,31.44932000,-1.58696200
2.82529995,31.67821000,-1.58696200
2.83029995,31.73925000,-1.56254800
2.83529995,31.73925000,-1.47099200
2.84029995,31.73925000,-1.91656200
2.84529995,31.73925000,-2.84432500
2.85029995,31.73925000,-3.28989500
2.85529995,31.73925000,-3.19834000
2.86029995,31.73925000,-3.14951000
2.86529995,31.73925000,-3.05795500
2.87029995,31.73925000,-3.50352500
2.87529995,31.73925000,-4.43128700
2.88029995,31.73925000,-4.90127200
2.88529995,31.73925000,-4.90127200
2.89029995,31.73925000,-4.43128700
2.89529995,31.73925000,-3.50352500
2.90029995,31.73925000,-3.05795500
2.90529995,31.73925000,-3.14951000
2.91029995,31.73925000,-3.17392500
2.91529995,31.73925000,-3.17392500
2.92029995,31.73925000,-3.17392500
2.92529995,31.73925000,-3.17392500
2.93029995,31.73925000,-3.17392500
2.93529995,31.73925000,-3.17392500
2.94029995,31.73925000,-3.14951000
2.94529995,31.73925000,-3.05795500
2.95029995,31.73925000,-3.52794000
2.95529995,31.73925000,-4.54725700
2.96029995,31.73925000,-4.54725700
2.96529995,31.73925000,-3.52794000
2.97029995,31.73925000,-3.03354000
2.97529995,31.73925000,-3.03354000
2.98029995,31.73925000,-3.50352500
2.98529995,31.73925000,-4.43128700
2.99029995,31.73925000,-4.87685800
2.99529995,31.73925000,-4.78530200
3.00029995,31.80028000,-4.78530200
3.00529995,32.02917000,-4.87685800
3.01029995,30.85421000,-4.43128700
3.01529995,28.30592000,-3.50352500
3.02029995,28.30592000,-3.05795500
3.02529995,30.85421000,-3.14951000
3.03029995,32.02917000,-3.19834000
3.03529995,31.80028000,-3.28989500
3.04029995,31.73925000,-2.84432500
3.04529995,31.73925000,-1.91656200
3.05029995,31.80028000,-1.47099200
3.05529995,32.02917000,-1.56254800
3.06029995,30.91525000,-1.58696200
3.06529995,28.59584000,-1.58696200
3.07029995,27.48192000,-1.58696200
3.07529995,27.71080000,-1.58696200
3.08029995,27.77184000,-1.58696200
3.08529995,27.77184000,-1.58696200
3.09029995,27.77184000,-1.58696200
3.09529995,27.77184000,-1.58696200
3.10029995,27.77184000,-1.58696200
3.10529995,27.77184000,-1.58696200
3.11029995,27.77184000,-1.58696200
3.11529995,27.77184000,-1.58696200
3.12029995,27.77184000,-1.56254800
3.12529995,27.77184000,-1.47099200
3.13029995,27.77184000,-1.91656200
3.13529995,27.77184000,-2.84432500
3.14029995,27.77184000,-3.28989500
3.14529995,27.77184000,-3.19834000
3.15029995,27.77184000,-3.17392500
3.15529995,27.77184000,-3.17392500
3.16029995,27.77184000,-3.17392500
3.16529995,27.77184000,-3.17392500
3.17029995,27.77184000,-3.14951000
3.17529995,27.77184000,-3.05795500
3.18029995,27.77184000,-3.50352500
3.18529995,27.77184000,-4.43128700
3.19029995,27.77184000,-4.87685800
3.19529995,27.77184000,-4.78530200
3.20029995,27.77184000,-4.76088700
3.20529995,27.77184000,-4.76088700
3.21029995,27.77184000,-4.76088700
3.21529995,27.77184000,-4.76088700
3.22029995,27.77184000,-4.76088700
3.22529995,27.77184000,-4.76088700
3.23029995,27.83288000,-4.76088700
3.23529995,28.06177000,-4.76088700
3.24029995,26.88680000,-4.76088700
3.24529995,24.33851000,-4.76088700
3.25029995,24.33851000,-4.78530200
3.25529995,26.88680000,-4.87685800
3.26029995,28.12280000,-4.43128700
3.26529995,28.12280000,-3.50352500
3.27029995,26.94784000,-3.08237000
3.27529995,24.62844000,-3.26548100
3.28029995,23.45347000,-2.84432500
3.28529995,23.45347000,-1.91656200
3.29029995,24.68947000,-1.47099200
3.29529995,27.23777000,-1.56254800
3.30029995,27.23777000,-1.58696200
3.30529995,24.68947000,-1.58696200
3.31029995,23.51451000,-1.58696200
3.31529995,23.74340000,-1.58696200
3.32029995,23.80444000,-1.58696200
3.32529995,23.80444000,-1.58696200
3.33029995,23.80444000,-1.56254800
3.33529995,23.80444000,-1.47099200
3.34029995,23.80444000,-1.94097700
3.34529995,23.80444000,-2.96029500
3.35029995,23.80444000,-2.96029500
3.35529995,23.80444000,-1.94097700
3.36029995,23.80444000,-1.47099200
3.36529995,23.80444000,-1.56254800
3.37029995,23.80444000,-1.58696200
3.37529995,23.80444000,-1.58696200
3.38029995,23.80444000,-1.58696200
3.38529995,23.80444000,-1.58696200
3.39029995,23.80444000,-1.56254800
3.39529995,23.80444000,-1.47099200
3.40029995,23.80444000,-1.91656200
3.40529995,23.80444000,-2.84432500
3.41029995,23.80444000,-3.31431000
3.41529995,23.80444000,-3.31431000
3.42029995,23.80444000,-2.84432500
3.42529995,23.80444000,-1.91656200
3.43029995,23.80444000,-1.44657700
3.43529995,23.80444000,-1.44657700
3.44029995,23.80444000,-1.94097700
3.44529995,23.80444000,-2.96029500
3.45029995,23.80444000,-2.93588100
3.45529995,23.80444000,-1.82500700
3.46029995,23.80444000,-1.80059200
3.46529995,23.80444000,-2.81991000
3.47029995,23.86547000,-3.28989500
3.47529995,24.09436000,-3.19834000
3.48029995,22.91940000,-3.17392500
3.48529995,20.37111000,-3.17392500
3.49029995,20.37111000,-3.17392500
3.49529995,22.91940000,-3.17392500
3.50029995,24.09436000,-3.17392500
3.50529995,23.86547000,-3.17392500
3.51029995,23.80444000,-3.17392500
3.51529995,23.80444000,-3.17392500
3.52029995,23.86547000,-3.17392500
3.52529995,24.09436000,-3.17392500
3.53029995,22.91940000,-3.19834000
3.53529995,20.37111000,-3.28989500
3.54029995,20.37111000,-2.81991000
3.54529995,22.91940000,-1.80059200
3.55029995,24.09436000,-1.80059200
3.55529995,23.86547000,-2.81991000
3.56029995,23.80444000,-3.26548100
3.56529995,23.80444000,-3.08237000
3.57029995,23.86547000,-3.52794000
3.57529995,24.09436000,-4.54725700
3.58029995,22.91940000,-4.54725700
3.58529995,20.37111000,-3.52794000
3.59029995,20.43214000,-3.05795500
3.59529995,23.20932000,-3.14951000
3.60029995,23.27036000,-3.14951000
3.60529995,20.72207000,-3.05795500
3.61029995,19.54710000,-3.50352500
3.61529995,19.77599000,-4.43128700
3.62029995,19.83703000,-4.90127200
3.62529995,19.83703000,-4.90127200
3.63029995,19.83703000,-4.43128700
3.63529995,19.83703000,-3.50352500
3.64029995,19.83703000,-3.03354000
3.64529995,19.83703000,-3.03354000
3.65029995,19.83703000,-3.50352500
3.65529995,19.83703000,-4.43128700
3.66029995,19.83703000,-4.90127200
3.66529995,19.83703000,-4.90127200
3.67029995,19.83703000,-4.40687300
3.67529995,19.83703000,-3.38755500
3.68029995,19.83703000,-3.41196900
3.68529995,19.83703000,-4.52284300
3.69029995,19.83703000,-4.54725700
3.69529995,19.83703000,-3.52794000
3.70029995,19.83703000,-3.05795500
3.70529995,19.83703000,-3.14951000
3.71029995,19.83703000,-3.14951000
3.71529995,19.83703000,-3.05795500
3.72029995,19.83703000,-3.50352500
3.72529995,19.83703000,-4.43128700
3.73029995,19.83703000,-4.87685800
3.73529995,19.83703000,-4.78530200
3.74029995,19.83703000,-4.73647300
3.74529995,19.83703000,-4.64491700
3.75029995,19.83703000,-5.09048700
3.75529995,19.83703000,-6.01825000
3.76029995,19.83703000,-6.48823500
3.76529995,19.83703000,-6.48823500
3.77029995,19.83703000,-6.01825000
3.77529995,19.83703000,-5.09048700
3.78029995,19.83703000,-4.62050200
3.78529995,19.83703000,-4.62050200
3.79029995,19.83703000,-5.11490200
3.79529994,19.83703000,-6.13422100
3.80029994,19.83703000,-6.13422100
3.80529994,19.83703000,-5.11490200
3.81029994,19.83703000,-4.64491700
3.81529994,19.83703000,-4.73647300
3.82029994,19.89807000,-4.76088700
3.82529994,20.12696000,-4.76088700
3.83029994,18.95199000,-4.78530200
3.83529994,16.40370000,-4.87685800
3.84029994,16.40370000,-4.43128700
3.84529994,18.95199000,-3.50352500
3.85029994,20.18799000,-3.05795500
3.85529994,20.18799000,-3.14951000
3.86029994,18.95199000,-3.17392500
3.86529994,16.40370000,-3.17392500
3.87029994,16.46474000,-3.17392500
3.87529994,19.24192000,-3.17392500
3.88029994,19.24192000,-3.17392500
3.88529994,16.46474000,-3.17392500
3.89029994,16.40370000,-3.19834000
3.89529994,18.95199000,-3.28989500
3.90029994,20.12696000,-2.84432500
3.90529994,19.89807000,-1.91656200
3.91029994,19.89807000,-1.42216300
3.91529994,20.12696000,-1.33060700
3.92029994,19.01303000,-2.24616200
3.92529994,16.69362000,-4.10168800
3.93029994,15.57970000,-4.99282800
3.93529994,15.80859000,-4.80971700
3.94029994,15.86962000,-4.78530200
3.94529994,15.86962000,-4.87685800
3.95029994,15.86962000,-4.43128700
3.95529994,15.86962000,-3.50352500
3.96029994,15.86962000,-3.08237000
3.96529994,15.86962000,-3.26548100
3.97029994,15.86962000,-2.81991000
3.97529994,15.86962000,-1.80059200
3.98029994,15.86962000,-1.80059200
3.98529994,15.86962000,-2.81991000
3.99029994,15.86962000,-3.26548100
3.99529994,15.86962000,-3.08237000
4.00029994,15.86962000,-3.50352500
4.00529994,15.86962000,-4.43128700
4.01029994,15.86962000,-4.87685800
4.01529994,15.86962000,-4.78530200
4.02029994,15.86962000,-4.76088700
4.02529994,15.86962000,-4.76088700
4.03029994,15.86962000,-4.73647300
4.03529994,15.86962000,-4.64491700
4.04029994,15.86962000,-5.09048700
4.04529994,15.86962000,-6.01825000
4.05029994,15.86962000,-6.46382000
4.05529994,15.86962000,-6.37226500
4.06029994,15.86962000,-6.37226500
4.06529994,15.86962000,-6.46382000
4.07029994,15.86962000,-6.01825000
4.07529994,15.86962000,-5.09048700
4.08029994,15.86962000,-4.64491700
4.08529994,15.86962000,-4.73647300
4.09029994,15.86962000,-4.78530200
4.09529994,15.86962000,-4.87685800
4.10029994,15.86962000,-4.43128700
4.10529994,15.86962000,-3.50352500
4.11029994,15.86962000,-3.05795500
4.11529994,15.86962000,-3.14951000
4.12029994,15.86962000,-3.17392500
4.12529994,15.86962000,-3.17392500
4.13029994,15.86962000,-3.19834000
4.13529994,15.86962000,-3.28989500
4.14029994,15.86962000,-2.84432500
4.14529994,15.86962000,-1.91656200
4.15029994,15.86962000,-1.47099200
4.15529994,15.86962000,-1.56254800
4.16029994,15.86962000,-1.56254800
4.16529994,15.86962000,-1.47099200
4.17029994,15.86962000,-1.94097700
4.17529994,15.86962000,-2.96029500
4.18029994,15.86962000,-2.93588100
4.18529994,15.86962000,-1.82500700
4.19029994,15.86962000,-1.80059200
4.19529994,15.86962000,-2.81991000
4.20029994,15.86962000,-3.28989500
4.20529994,15.86962000,-3.19834000
4.21029994,15.86962000,-3.19834000
4.21529994,15.86962000,-3.28989500
4.22029994,15.86962000,-2.81991000
4.22529994,15.86962000,-1.80059200
4.23029994,15.86962000,-1.80059200
4.23529994,15.86962000,-2.81991000
4.24029994,15.86962000,-3.28989500
4.24529994,15.86962000,-3.19834000
4.25029994,15.86962000,-3.17392500
4.25529994,15.86962000,-3.17392500
4.26029994,15.86962000,-3.17392500
4.26529994,15.86962000,-3.17392500
4.27029994,15.86962000,-3.17392500
4.27529994,15.86962000,-3.17392500
4.28029994,15.86962000,-3.14951000
4.28529994,15.86962000,-3.05795500
4.29029994,15.86962000,-3.55235400
4.29529994,15.86962000,-4.66322800
4.30029994,15.86962000,-4.21765800
4.30529994,15.86962000,-2.27057700
4.31029994,15.86962000,-1.30619200
4.31529994,15.86962000,-1.30619200
4.32029994,15.86962000,-2.24616200
4.32529994,15.86962000,-4.10168800
4.33029994,15.86962000,-5.04165700
4.33529994,15.86962000,-5.04165700
4.34029994,15.93066000,-4.05285800
4.34529994,16.15955000,-2.01422100
4.35029994,14.98459000,-2.01422100
4.35529994,12.43629000,-4.05285800
4.36029994,12.43629000,-4.99282800
4.36529994,14.98459000,-4.80971700
4.37029994,16.22059000,-4.76088700
4.37529994,16.22059000,-4.76088700
4.38029994,15.04562000,-4.78530200
4.38529994,12.72622000,-4.87685800
4.39029994,11.61229000,-4.40687300
4.39529994,11.84118000,-3.38755500
4.40029994,11.84118000,-3.38755500
4.40529994,11.61229000,-4.40687300
4.41029994,12.78725000,-4.90127200
4.41529994,15.33555000,-4.90127200
4.42029994,15.33555000,-4.40687300
4.42529994,12.78725000,-3.38755500
4.43029994,11.61229000,-3.41196900
4.43529994,11.84118000,-4.52284300
4.44029994,11.84118000,-4.54725700
4.44529994,11.61229000,-3.52794000
4.45029994,12.72622000,-3.05795500
4.45529994,15.04562000,-3.14951000
4.46029994,16.22059000,-3.14951000
4.46529994,16.22059000,-3.05795500
4.47029994,15.04562000,-3.52794000
4.47529994,12.72622000,-4.54725700
4.48029994,11.61229000,-4.57167300
4.48529994,11.84118000,-3.64391000
4.49029994,11.90222000,-2.70394000
4.49529994,11.90222000,-1.77617700
4.50029994,11.90222000,-1.82500700
4.50529994,11.90222000,-2.93588100
4.51029994,11.90222000,-2.93588100
4.51529994,11.90222000,-1.82500700
4.52029994,11.90222000,-1.82500700
4.52529994,11.90222000,-2.93588100
4.53029994,11.90222000,-2.93588100
4.53529994,11.90222000,-1.82500700
4.54029994,11.90222000,-1.82500700
4.54529994,11.90222000,-2.93588100
4.55029994,11.90222000,-2.93588100
4.55529994,11.90222000,-1.82500700
4.56029994,11.90222000,-1.80059200
4.56529994,11.90222000,-2.81991000
4.57029994,11.90222000,-3.26548100
4.57529994,11.90222000,-3.08237000
4.58029994,11.90222000,-3.55235400
4.58529994,11.90222000,-4.66322800
4.59029994,11.90222000,-4.19324400
4.59529994,11.90222000,-2.15460700
4.60029994,11.90222000,-1.68462200
4.60529994,11.90222000,-2.79549500
4.61029994,11.90222000,-3.28989500
4.61529994,11.90222000,-3.19834000
4.62029994,11.90222000,-3.17392500
4.62529994,11.90222000,-3.17392500
4.63029994,11.90222000,-3.14951000
4.63529994,11.90222000,-3.05795500
4.64029994,11.90222000,-3.50352500
4.64529994,11.90222000,-4.43128700
4.65029994,11.90222000,-4.87685800
4.65529994,11.90222000,-4.78530200
4.66029994,11.90222000,-4.76088700
4.66529994,11.90222000,-4.76088700
4.67029994,11.90222000,-4.76088700
4.67529994,11.90222000,-4.76088700
4.68029994,11.90222000,-4.76088700
4.68529994,11.90222000,-4.76088700
4.69029994,11.90222000,-4.78530200
4.69529994,11.90222000,-4.87685800
4.70029994,11.90222000,-4.40687300
4.70529994,11.90222000,-3.38755500
4.71029994,11.90222000,-3.41196900
4.71529994,11.90222000,-4.52284300
4.72029994,11.90222000,-4.57167300
4.72529994,11.90222000,-3.64391000
4.73029994,11.90222000,-2.70394000
4.73529994,11.90222000,-1.77617700
4.74029994,11.90222000,-1.82500700
4.74529994,11.90222000,-2.93588100
4.75029994,11.90222000,-2.96029500
4.75529994,11.90222000,-1.94097700
4.76029994,11.90222000,-1.47099200
4.76529994,11.90222000,-1.56254800
4.77029994,11.90222000,-1.56254800
4.77529994,11.90222000,-1.47099200
4.78029994,11.90222000,-1.94097700
4.78529994,11.90222000,-2.96029500
4.79029994,11.90222000,-2.96029500
4.79529994,11.90222000,-1.94097700
4.80029994,11.90222000,-1.44657700
4.80529994,11.90222000,-1.44657700
4.81029994,11.90222000,-1.94097700
4.81529994,11.90222000,-2.96029500
4.82029994,11.90222000,-2.93588100
4.82529994,11.90222000,-1.82500700
4.83029994,11.90222000,-1.77617700
4.83529994,11.90222000,-2.70394000
4.84029994,11.90222000,-3.61949500
4.84529994,11.90222000,-4.45570200
4.85029994,11.96325000,-4.90127200
4.85529994,12.19214000,-4.90127200
4.86029994,11.07822000,-4.40687300
4.86529994,8.75881200,-3.38755500
4.87029994,7.64488600,-3.41196900
4.87529994,7.87377500,-4.52284300
4.88029994,7.93481200,-4.52284300
4.88529994,7.93481200,-3.41196900
4.89029994,7.93481200,-3.41196900
4.89529994,7.93481200,-4.52284300
4.90029994,7.93481200,-4.52284300
4.90529994,7.93481200,-3.41196900
4.91029994,7.93481200,-3.41196900
4.91529994,7.93481200,-4.52284300
4.92029994,7.93481200,-4.54725700
4.92529994,7.93481200,-3.52794000
4.93029994,7.93481200,-3.03354000
4.93529994,7.93481200,-3.03354000
4.94029994,7.93481200,-3.50352500
4.94529994,7.93481200,-4.43128700
4.95029994,7.93481200,-4.87685800
4.95529994,7.93481200,-4.78530200
4.96029994,7.93481200,-4.76088700
4.96529994,7.93481200,-4.76088700
4.97029994,7.93481200,-4.76088700
4.97529994,7.93481200,-4.76088700
4.98029994,7.93481200,-4.78530200
4.98529994,7.93481200,-4.87685800
4.99029994,7.93481200,-4.40687300
4.99529994,7.93481200,-3.38755500
5.00029994,7.93481200,-3.41196900
5.00529994,7.93481200,-4.52284300
5.01029994,7.93481200,-4.54725700
5.01529994,7.93481200,-3.52794000
5.02029994,7.93481200,-3.03354000
5.02529994,7.93481200,-3.03354000
5.03029994,7.93481200,-3.52794000
5.03529994,7.93481200,-4.54725700
5.04029994,7.93481200,-4.54725700
5.04529994,7.93481200,-3.52794000
5.05029994,7.93481200,-3.05795500
5.05529994,7.93481200,-3.14951000
5.06029994,7.93481200,-3.14951000
5.06529994,7.93481200,-3.05795500
5.07029994,7.93481200,-3.50352500
5.07529994,7.93481200,-4.43128700
5.08029994,7.93481200,-4.85244300
5.08529994,7.93481200,-4.66933200
5.09029994,7.93481200,-5.11490200
5.09529994,7.93481200,-6.13422100
5.10029994,7.93481200,-6.13422100
5.10529994,7.93481200,-5.11490200
5.11029994,7.93481200,-4.64491700
5.11529994,7.93481200,-4.73647300
5.12029994,7.93481200,-4.76088700
5.12529994,7.93481200,-4.76088700
5.13029994,7.93481200,-4.76088700
5.13529994,7.93481200,-4.76088700
5.14029994,7.93481200,-4.78530200
5.14529994,7.93481200,-4.87685800
5.15029994,7.93481200,-4.45570200
5.15529994,7.93481200,-3.61949500
5.16029994,7.93481200,-2.72835500
5.16529994,7.93481200,-1.89214800
5.17029994,7.93481200,-1.47099200
5.17529994,7.93481200,-1.56254800
5.18029994,7.93481200,-1.58696200
5.18529994,7.93481200,-1.58696200
5.19029994,7.93481200,-1.56254800
5.19529994,7.93481200,-1.47099200
5.20029994,7.93481200,-1.91656200
5.20529994,7.93481200,-2.84432500
5.21029994,7.93481200,-3.28989500
5.21529994,7.93481200,-3.19834000
5.22029994,7.93481200,-3.17392500
5.22529994,7.93481200,-3.17392500
5.23029994,7.93481200,-3.17392500
5.23529994,7.93481200,-3.17392500
5.24029994,7.93481200,-3.17392500
5.24529994,7.93481200,-3.17392500
5.25029994,7.93481200,-3.17392500
5.25529994,7.93481200,-3.17392500
5.26029994,7.93481200,-3.17392500
5.26529994,7.93481200,-3.17392500
5.27029994,7.93481200,-3.17392500
5.27529994,7.93481200,-3.17392500
5.28029994,7.93481200,-3.17392500
5.28529994,7.93481200,-3.17392500
5.29029994,7.93481200,-3.19834000
5.29529994,7.93481200,-3.28989500
5.30029994,7.93481200,-2.84432500
5.30529994,7.93481200,-1.91656200
5.31029994,7.93481200,-1.47099200
5.31529994,7.93481200,-1.56254800
5.32029994,7.93481200,-1.56254800
5.32529994,7.93481200,-1.47099200
5.33029994,7.93481200,-1.94097700
5.33529994,7.93481200,-2.96029500
5.34029994,7.93481200,-2.96029500
5.34529994,7.93481200,-1.94097700
5.35029994,7.93481200,-1.47099200
5.35529994,7.93481200,-1.56254800
5.36029994,7.93481200,-1.58696200
5.36529994,7.93481200,-1.58696200
5.37029994,7.93481200,-1.58696200
5.37529994,7.93481200,-1.58696200
5.38029994,7.93481200,-1.56254800
5.38529994,7.93481200,-1.47099200
5.39029994,7.93481200,-1.91656200
5.39529994,7.93481200,-2.84432500
5.40029994,7.93481200,-3.28989500
5.40529994,7.93481200,-3.19834000
5.41029994,7.93481200,-3.17392500
5.41529994,7.93481200,-3.17392500
5.42029994,7.99584900,-3.17392500
5.42529994,8.22473800,-3.17392500
5.43029994,7.04977500,-3.17392500
5.43529994,4.50148000,-3.17392500
5.44029993,4.50148000,-3.17392500
5.44529993,7.04977500,-3.17392500
5.45029993,8.22473800,-3.17392500
5.45529993,7.99584900,-3.17392500
5.46029993,7.93481200,-3.14951000
5.46529993,7.93481200,-3.05795500
5.47029993,7.93481200,-3.50352500
5.47529993,7.93481200,-4.43128700
5.48029993,7.99584900,-4.87685800
5.48529993,8.22473800,-4.78530200
5.49029993,7.11081200,-4.76088700
5.49529993,4.79140600,-4.76088700
5.50029993,3.67748000,-4.76088700
5.50529993,3.90636900,-4.76088700
5.51029993,3.90636900,-4.78530200
5.51529993,3.67748000,-4.87685800
5.52029993,4.79140600,-4.43128700
5.52529993,7.11081200,-3.50352500
5.53029993,8.22473800,-3.05795500
5.53529993,7.99584900,-3.14951000
5.54029993,7.99584900,-3.19834000
5.54529993,8.22473800,-3.28989500
5.55029993,7.04977500,-2.84432500
5.55529993,4.50148000,-1.91656200
5.56029993,4.50148000,-1.44657700
5.56529993,7.04977500,-1.44657700
5.57029993,8.22473800,-1.91656200
5.57529993,7.99584900,-2.84432500
5.58029993,7.93481200,-3.28989500
5.58529993,7.93481200,-3.19834000
5.59029993,7.99584900,-3.17392500
5.59529993,8.22473800,-3.17392500
5.60029993,7.04977500,-3.17392500
5.60529993,4.50148000,-3.17392500
5.61029993,4.50148000,-3.17392500
5.61529993,7.04977500,-3.17392500
5.62029993,8.28577500,-3.14951000
5.62529993,8.28577500,-3.05795500
5.63029993,7.04977500,-3.52794000
5.63529993,4.50148000,-4.54725700
5.64029993,4.56251700,-4.52284300
5.64529993,7.33970100,-3.41196900
5.65029993,7.40073800,-3.38755500
5.65529993,4.85244300,-4.40687300
5.66029993,3.67748000,-4.90127200
5.66529993,3.90636900,-4.90127200
5.67029993,3.96740600,-4.40687300
5.67529993,3.96740600,-3.38755500
5.68029993,3.90636900,-3.41196900
5.68529993,3.67748000,-4.52284300
5.69029993,4.85244300,-4.52284300
5.69529993,7.40073800,-3.41196900
5.70029993,7.40073800,-3.41196900
5.70529993,4.85244300,-4.52284300
5.71029993,3.67748000,-4.57167300
5.71529993,3.90636900,-3.64391000
5.72029993,3.96740600,-2.77108000
5.72529993,3.96740600,-2.13019200
5.73029993,3.96740600,-0.85451830
5.73529993,3.96740600,0.71413310
5.74029993,3.96740600,2.41096200
5.74529993,3.96740600,3.79650300
5.75029993,3.96740600,5.91448700
5.75529993,3.96740600,8.22779000
5.76029993,3.96740600,10.72420000
5.76529993,3.96740600,12.65908000
5.77029993,3.96740600,16.47389000
5.77529993,3.96740600,21.19205000
5.78029993,3.96740600,26.37410000
5.78529993,3.96740600,30.90304000
5.79029993,3.96740600,35.54796000
5.79529993,3.96740600,39.05759000
5.80029993,3.96740600,43.71471000
5.80529993,3.96740600,48.34132000
5.81029993,3.96740600,53.00454000
5.81529993,3.96740600,56.51418000
5.82029993,3.96740600,61.25064000
5.82529993,3.96740600,66.15192000
5.83029993,3.96740600,69.52116000
5.83529993,3.96740600,70.43672000
5.84029993,3.96740600,72.93314000
5.84529993,3.96740600,76.26575000
5.85029993,3.96740600,78.85372000
5.85529993,3.96740600,80.14771000
5.86029993,3.96740600,81.84454000
5.86529993,3.96740600,83.50475000
5.87029993,3.96740600,84.37757000
5.87529993,3.96740600,84.28602000
5.88029993,3.96740600,83.79162000
5.88529993,3.96740600,82.86385000
5.89029993,3.96740600,82.44270000
5.89529993,3.96740600,82.62581000
5.90029993,3.96740600,82.25349000
5.90529993,3.96740600,81.50883000
5.91029993,3.96740600,80.19044000
5.91529993,3.96740600,78.53023000
5.92029993,3.96740600,77.23013000
5.92529993,3.96740600,76.58925000
5.93029993,3.96740600,75.80798000
5.93529993,3.96740600,75.25864000
5.94029993,3.96740600,73.56181000
5.94529993,3.96740600,71.15695000
5.95029993,3.96740600,68.54457000
5.95529993,3.96740600,66.23127000
5.96029993,3.96740600,64.13770000
5.96529993,3.96740600,62.84372000
5.97029993,3.96740600,60.72573000
5.97529993,3.96740600,58.32087000
5.98029993,3.96740600,56.17847000
5.98529993,3.96740600,54.78683000
5.99029993,3.96740600,53.13883000
5.99529993,3.96740600,51.75329000
6.00029993,3.96740600,49.61089000
6.00529993,3.96740600,47.20603000
6.01029993,3.96740600,45.06363000
6.01529993,3.96740600,43.67809000
6.02029993,3.96740600,42.00567000
6.02529993,3.96740600,40.52858000
6.03029993,3.96740600,38.83175000
6.03529993,3.96740600,37.35465000
6.04029993,3.96740600,35.63341000
6.04529993,3.96740600,34.06476000
6.05029993,3.96740600,32.81350000
6.05529993,3.96740600,32.26417000
6.06029993,3.96740600,30.98849000
6.06529993,3.96740600,29.32829000
6.07029993,3.96740600,28.02820000
6.07529993,3.96740600,27.38121000
6.08029993,3.96740600,26.55110000
6.08529993,3.96740600,25.81256000
6.09029993,3.96740600,24.97024000
6.09529993,3.96740600,24.22559000
6.10029993,3.96740600,23.38328000
6.10529993,3.96740600,22.63863000
6.11029993,3.96740600,21.77190000
6.11529993,3.96740600,20.93570000
6.12029993,3.96740600,20.53896000
6.12529993,3.96740600,20.72207000
6.13029993,3.96740600,20.32533000
6.13529993,3.96740600,19.48912000
6.14029993,3.96740600,18.62239000
6.14529993,3.96740600,17.87774000
6.15029993,3.96740600,17.01102000
6.15529993,3.96740600,16.17481000
6.16029993,3.96740600,15.77807000
6.16529993,3.96740600,15.96118000
6.17029993,3.96740600,15.54002000
6.17529993,3.96740600,14.61226000
6.18029993,3.96740600,14.19111000
6.18529993,3.96740600,14.37422000
6.19029993,3.96740600,13.95306000
6.19529993,3.96740600,13.02530000
6.20029993,3.96740600,12.57973000
6.20529993,3.96740600,12.67128000
6.21029993,3.96740600,12.72011000
6.21529993,3.96740600,12.81167000
6.22029993,3.96740600,12.34169000
6.22529993,3.96740600,11.32237000
6.23029993,3.96740600,11.34678000
6.23529993,3.96740600,12.45765000
6.24029993,3.96740600,12.50648000
6.24529993,3.96740600,11.57872000
6.25029993,3.96740600,10.66317000
6.25529993,3.96740600,9.82696000
6.26029993,3.96740600,9.43021900
6.26529993,3.96740600,9.61333000
6.27029993,3.96740600,9.19217500
6.27529993,3.96740600,8.26441300
6.28029993,3.96740600,7.84325600
6.28529993,3.96740600,8.02636700
6.29029993,3.96740600,7.60521200
6.29529993,3.96740600,6.67745000
6.30029993,3.96740600,6.23187900
6.30529993,3.96740600,6.32343500
6.31029993,4.02844300,6.34785000
6.31529993,4.25733200,6.34785000
6.32029993,3.08236900,6.34785000
6.32529993,0.53407390,6.34785000
6.33029993,0.53407390,6.34785000
6.33529993,3.08236900,6.34785000
6.34029993,4.31836900,6.34785000
6.34529993,4.31836900,6.34785000
6.35029993,3.08236900,6.34785000
6.35529993,0.53407390,6.34785000
6.36029993,0.53407390,6.37226500
6.36529993,3.08236900,6.46382000
6.37029993,4.25733200,5.99383500
6.37529993,4.02844300,4.97451700
6.38029993,3.96740600,4.97451700
6.38529993,3.96740600,5.99383500
6.39029993,3.96740600,6.46382000
6.39529993,3.96740600,6.37226500
6.40029993,3.96740600,6.34785000
6.40529993,3.96740600,6.34785000
6.41029993,3.96740600,6.34785000
6.41529993,3.96740600,6.34785000
6.42029993,3.96740600,6.34785000
6.42529993,3.96740600,6.34785000
6.43029993,3.96740600,6.34785000
6.43529993,3.96740600,6.34785000
6.44029993,3.96740600,6.37226500
6.44529993,3.96740600,6.46382000
6.45029993,3.96740600,6.01825000
6.45529993,3.96740600,5.09048700
6.46029993,3.96740600,4.66933200
6.46529993,3.96740600,4.85244300
6.47029993,3.96740600,4.43128700
6.47529993,3.96740600,3.50352500
6.48029993,4.02844300,3.03354000
6.48529993,4.25733200,3.03354000
6.49029993,3.08236900,3.50352500
6.49529993,0.53407390,4.43128700
6.50029993,0.53407390,4.87685800
6.50529993,3.08236900,4.78530200
6.51029993,4.25733200,4.78530200
6.51529993,4.02844300,4.87685800
6.52029993,3.96740600,4.43128700
6.52529993,3.96740600,3.50352500
6.53029993,3.96740600,3.05795500
6.53529993,3.96740600,3.14951000
6.54029993,3.96740600,3.17392500
6.54529993,3.96740600,3.17392500
6.55029993,3.96740600,3.17392500
6.55529993,3.96740600,3.17392500
6.56029993,4.02844300,3.17392500
6.56529993,4.25733200,3.17392500
6.57029993,3.14340600,3.19834000
6.57529993,0.82399970,3.28989500
6.58029993,-0.35096280,2.84432500
6.58529993,-0.35096280,1.91656200
6.59029993,0.82399970,1.44657700
6.59529993,3.14340600,1.44657700
6.60029993,4.25733200,1.91656200
6.60529993,4.02844300,2.84432500
6.61029993,4.02844300,3.31431000
6.61529993,4.25733200,3.31431000
6.62029993,3.08236900,2.81991000
6.62529993,0.53407390,1.80059200
6.63029993,0.53407390,1.80059200
6.63529993,3.08236900,2.81991000
6.64029993,4.25733200,3.31431000
6.64529993,4.02844300,3.31431000
6.65029993,4.02844300,2.84432500
6.65529993,4.25733200,1.91656200
6.66029993,3.08236900,1.47099200
6.66529993,0.53407390,1.56254800
6.67029993,0.53407390,1.58696200
6.67529993,3.08236900,1.58696200
6.68029993,4.25733200,1.58696200
6.68529993,4.02844300,1.58696200
6.69029993,3.96740600,1.56254800
6.69529993,3.96740600,1.47099200
6.70029993,3.96740600,1.94097700
6.70529993,3.96740600,2.96029500
6.71029993,3.96740600,2.96029500
6.71529993,3.96740600,1.94097700
6.72029993,4.02844300,1.47099200
6.72529993,4.25733200,1.56254800
6.73029993,3.08236900,1.56254800
6.73529993,0.53407390,1.47099200
6.74029993,0.53407390,1.91656200
6.74529993,3.08236900,2.84432500
6.75029993,4.25733200,3.28989500
6.75529993,4.02844300,3.19834000
6.76029993,4.02844300,3.17392500
6.76529993,4.25733200,3.17392500
6.77029993,3.08236900,3.14951000
6.77529993,0.53407390,3.05795500
6.78029993,0.59511090,3.52794000
6.78529993,3.37229500,4.54725700
6.79029993,3.37229500,4.54725700
6.79529993,0.59511090,3.52794000
6.80029993,0.53407390,3.05795500
6.80529993,3.08236900,3.14951000
6.81029993,4.31836900,3.19834000
6.81529993,4.31836900,3.28989500
6.82029993,3.08236900,2.84432500
6.82529993,0.53407390,1.91656200
6.83029993,0.53407390,1.47099200
6.83529993,3.08236900,1.56254800
6.84029993,4.25733200,1.58696200
6.84529993,4.02844300,1.58696200
6.85029993,4.02844300,1.58696200
6.85529993,4.25733200,1.58696200
6.86029993,3.14340600,1.58696200
6.86529993,0.82399970,1.58696200
6.87029993,-0.28992580,1.61137700
6.87529993,-0.06103702,1.70293300
6.88029993,0.00000000,1.23294800
6.88529993,0.00000000,0.21362960
6.89029993,0.00000000,0.21362960
6.89529993,0.00000000,1.23294800
6.90029993,0.00000000,1.72734800
6.90529993,0.00000000,1.72734800
6.91029993,0.00000000,1.25736300
6.91529993,0.00000000,0.32959990
6.92029993,0.00000000,-0.11597030
6.92529993,0.00000000,-0.02441481
6.93029993,0.00000000,0.00000000
6.93529993,0.00000000,0.00000000
6.94029993,0.00000000,0.00000000
6.94529993,0.00000000,0.00000000
6.95029993,0.00000000,0.00000000
6.95529993,0.00000000,0.00000000
6.96029993,0.00000000,0.00000000
6.96529993,0.00000000,0.00000000
6.97029993,0.00000000,-0.02441481
6.97529993,0.00000000,-0.11597030
6.98029993,0.00000000,0.32959990
6.98529993,0.00000000,1.25736300
6.99029993,-0.06103702,1.70293300
6.99529993,-0.28992580,1.61137700
7.00029993,0.88503670,1.58696200
7.00529993,3.43333200,1.58696200
7.01029993,3.43333200,1.58696200
7.01529993,0.88503670,1.58696200
7.02029993,-0.28992580,1.58696200
7.02529993,-0.06103702,1.58696200
7.03029993,0.00000000,1.58696200
7.03529993,0.00000000,1.58696200
7.04029993,0.00000000,1.61137700
7.04529993,0.00000000,1.70293300
7.05029993,0.00000000,1.25736300
7.05529993,0.00000000,0.32959990
7.06029993,0.00000000,-0.11597030
7.06529993,0.00000000,-0.02441481
7.07029993,0.00000000,0.00000000
7.07529993,0.00000000,0.00000000
7.08029993,0.00000000,0.00000000
7.08529992,0.00000000,0.00000000
7.09029992,0.00000000,0.02441481
7.09529992,0.00000000,0.11597030
7.10029992,0.00000000,-0.32959990
7.10529992,0.00000000,-1.25736300
7.11029992,0.00000000,-1.70293300
7.11529992,0.00000000,-1.61137700
7.12029992,0.00000000,-1.58696200
7.12529992,0.00000000,-1.58696200
7.13029992,0.00000000,-1.61137700
7.13529992,0.00000000,-1.70293300
7.14029992,0.00000000,-1.25736300
7.14529992,0.00000000,-0.32959990
7.15029992,0.00000000,0.14038510
7.15529992,0.00000000,0.14038510
7.16029992,0.00000000,-0.35401470
7.16529992,0.00000000,-1.37333300
7.17029992,0.00000000,-1.34891800
7.17529992,0.00000000,-0.23804440
7.18029992,0.00000000,-0.23804440
7.18529992,0.00000000,-1.34891800
7.19029992,0.00000000,-1.34891800
7.19529992,0.00000000,-0.23804440
7.20029992,0.00000000,-0.23804440
7.20529992,0.00000000,-1.34891800
7.21029992,0.00000000,-1.37333300
7.21529992,0.00000000,-0.35401470
7.22029992,0.00000000,0.14038510
7.22529992,0.00000000,0.14038510
7.23029992,0.00000000,-0.35401470
7.23529992,0.00000000,-1.37333300
7.24029992,0.00000000,-1.37333300
7.24529992,0.00000000,-0.35401470
7.25029992,0.00000000,0.11597030
7.25529992,0.00000000,0.02441481
7.26029992,0.00000000,-0.02441481
7.26529992,0.00000000,-0.11597030
7.27029992,0.00000000,0.35401470
7.27529992,0.00000000,1.37333300
7.28029992,0.00000000,1.37333300
7.28529992,0.00000000,0.35401470
7.29029992,0.00000000,-0.14038510
7.29529992,0.00000000,-0.14038510
7.30029992,0.00000000,0.32959990
7.30529992,0.00000000,1.25736300
7.31029992,0.00000000,1.70293300
7.31529992,0.00000000,1.61137700
7.32029992,0.00000000,1.58696200
7.32529992,0.00000000,1.58696200
7.33029992,0.00000000,1.58696200
7.33529992,0.00000000,1.58696200
7.34029992,0.00000000,1.58696200
7.34529992,0.00000000,1.58696200
7.35029992,0.00000000,1.58696200
7.35529992,0.00000000,1.58696200
7.36029992,0.00000000,1.58696200
7.36529992,0.00000000,1.58696200
7.37029992,0.00000000,1.58696200
7.37529992,0.00000000,1.58696200
7.38029992,0.00000000,1.58696200
7.38529992,0.00000000,1.58696200
7.39029992,0.00000000,1.58696200
7.39529992,0.00000000,1.58696200
7.40029992,0.00000000,1.58696200
7.40529992,0.00000000,1.58696200
7.41029992,0.00000000,1.58696200
7.41529992,0.00000000,1.58696200
7.42029992,0.00000000,1.58696200
7.42529992,0.00000000,1.58696200
7.43029992,0.00000000,1.58696200
7.43529992,0.00000000,1.58696200
7.44029992,0.00000000,1.61137700
7.44529992,0.00000000,1.70293300
7.45029992,0.00000000,1.25736300
7.45529992,0.00000000,0.32959990
7.46029992,0.00000000,-0.11597030
7.46529992,0.00000000,-0.02441481
7.47029992,0.00000000,0.00000000
7.47529992,0.00000000,0.00000000
7.48029992,0.00000000,0.02441481
7.48529992,0.00000000,0.11597030
7.49029992,0.00000000,-0.32959990
7.49529992,0.00000000,-1.25736300
7.50029992,0.00000000,-1.70293300
7.50529992,0.00000000,-1.61137700
7.51029992,0.00000000,-1.58696200
7.51529992,0.00000000,-1.58696200
7.52029992,0.00000000,-1.61137700
7.52529992,0.00000000,-1.70293300
7.53029992,0.00000000,-1.23294800
7.53529992,0.00000000,-0.21362960
7.54029992,0.00000000,-0.23804440
7.54529992,0.00000000,-1.34891800
7.55029992,0.00000000,-1.37333300
7.55529992,0.00000000,-0.35401470
7.56029992,0.00000000,0.11597030
7.56529992,0.00000000,0.02441481
7.57029992,0.00000000,-0.02441481
7.57529992,0.00000000,-0.11597030
7.58029992,0.00000000,0.32959990
7.58529992,0.00000000,1.25736300
7.59029992,0.00000000,1.70293300
7.59529992,0.00000000,1.61137700
7.60029992,0.00000000,1.61137700
7.60529992,0.00000000,1.70293300
7.61029992,0.00000000,1.25736300
7.61529992,0.00000000,0.32959990
7.62029992,0.00000000,-0.11597030
7.62529992,0.00000000,-0.02441481
7.63029992,0.00000000,0.00000000
7.63529992,0.00000000,0.00000000
7.64029992,0.00000000,0.00000000
7.64529992,0.00000000,0.00000000
7.65029992,0.00000000,0.00000000
7.65529992,0.00000000,0.00000000
7.66029992,0.00000000,0.02441481
7.66529992,0.00000000,0.11597030
7.67029992,0.00000000,-0.35401470
7.67529992,0.00000000,-1.37333300
7.68029992,0.00000000,-1.34891800
7.68529992,0.00000000,-0.23804440
7.69029992,0.00000000,-0.23804440
7.69529992,0.00000000,-1.34891800
7.70029992,0.00000000,-1.34891800
7.70529992,0.00000000,-0.23804440
7.71029992,0.00000000,-0.21362960
7.71529992,0.00000000,-1.23294800
7.72029992,0.00000000,-1.70293300
7.72529992,0.00000000,-1.61137700
7.73029992,0.00000000,-1.58696200
7.73529992,0.00000000,-1.58696200
7.74029992,0.00000000,-1.58696200
7.74529992,0.00000000,-1.58696200
7.75029992,0.00000000,-1.56254800
7.75529992,0.00000000,-1.47099200
7.76029992,0.00000000,-1.91656200
7.76529992,0.00000000,-2.84432500
7.77029992,0.00000000,-3.28989500
7.77529992,0.00000000,-3.19834000
7.78029992,0.00000000,-3.19834000
7.78529992,0.00000000,-3.28989500
7.79029992,0.00000000,-2.81991000
7.79529992,0.00000000,-1.80059200
7.80029992,0.00000000,-1.82500700
7.80529992,0.00000000,-2.93588100
7.81029992,0.00000000,-2.96029500
7.81529992,0.00000000,-1.94097700
7.82029992,0.00000000,-1.47099200
7.82529992,0.00000000,-1.56254800
7.83029992,0.00000000,-1.58696200
7.83529992,0.00000000,-1.58696200
7.84029992,0.00000000,-1.58696200
7.84529992,0.00000000,-1.58696200
7.85029992,0.00000000,-1.61137700
7.85529992,0.00000000,-1.70293300
7.86029992,0.00000000,-1.25736300
7.86529992,0.00000000,-0.32959990
7.87029992,0.00000000,0.16479990
7.87529992,0.00000000,0.25635550
7.88029992,0.00000000,-0.68361460
7.88529992,0.00000000,-2.63069600
7.89029992,0.00000000,-3.10068000
7.89529992,0.00000000,-2.08136200
7.90029992,0.00000000,-1.11697700
7.90529992,0.00000000,-0.18921480
7.91029992,0.00000000,-0.18921480
7.91529992,0.00000000,-1.11697700
7.92029992,0.00000000,-2.03253300
7.92529992,0.00000000,-2.86874000
7.93029992,0.00000000,-3.31431000
7.93529992,0.00000000,-3.31431000
7.94029992,0.00000000,-2.84432500
7.94529992,0.00000000,-1.91656200
7.95029992,0.00000000,-1.47099200
7.95529992,0.00000000,-1.56254800
7.96029992,0.00000000,-1.58696200
7.96529992,0.00000000,-1.58696200
7.97029992,0.00000000,-1.58696200
7.97529992,0.00000000,-1.58696200
7.98029992,0.00000000,-1.56254800
7.98529992,0.00000000,-1.47099200
7.99029992,0.00000000,-1.94097700
7.99529992,0.00000000,-2.96029500
8.00029992,0.00000000,-2.96029500
8.00529992,0.00000000,-1.94097700
8.01029992,0.00000000,-1.47099200
8.01529992,0.00000000,-1.56254800
8.02029992,0.00000000,-1.58696200
8.02529992,0.00000000,-1.58696200
8.03029992,0.00000000,-1.58696200
8.03529992,0.00000000,-1.58696200
8.04029992,0.06103702,-1.56254800
8.04529992,0.28992580,-1.47099200
8.05029992,-0.88503670,-1.91656200
8.05529992,-3.43333200,-2.84432500
8.06029992,-3.43333200,-3.31431000
8.06529992,-0.88503670,-3.31431000
8.07029992,0.28992580,-2.81991000
8.07529992,0.06103702,-1.80059200
8.08029992,0.00000000,-1.82500700
8.08529992,0.00000000,-2.93588100
8.09029992,0.00000000,-2.96029500
8.09529992,0.00000000,-1.94097700
8.10029992,0.00000000,-1.47099200
8.10529992,0.00000000,-1.56254800
8.11029992,0.00000000,-1.61137700
8.11529992,0.00000000,-1.70293300
8.12029992,0.00000000,-1.23294800
8.12529992,0.00000000,-0.21362960
8.13029992,0.00000000,-0.21362960
8.13529992,0.00000000,-1.23294800
8.14029992,0.00000000,-1.70293300
8.14529992,0.00000000,-1.61137700
8.15029992,0.00000000,-1.58696200
8.15529992,0.00000000,-1.58696200
8.16029992,0.00000000,-1.61137700
8.16529992,0.00000000,-1.70293300
8.17029992,0.00000000,-1.25736300
8.17529992,0.00000000,-0.32959990
8.18029992,0.00000000,0.14038510
8.18529992,0.00000000,0.14038510
8.19029992,0.00000000,-0.32959990
8.19529992,0.00000000,-1.25736300
8.20029992,0.00000000,-1.72734800
8.20529992,0.00000000,-1.72734800
8.21029992,0.06103702,-1.25736300
8.21529992,0.28992580,-0.32959990
8.22029992,-0.88503670,0.11597030
8.22529992,-3.43333200,0.02441481
8.23029992,-3.43333200,0.00000000
8.23529992,-0.88503670,0.00000000
8.24029992,0.35096280,0.02441481
8.24529992,0.35096280,0.11597030
8.25029992,-0.88503670,-0.35401470
8.25529992,-3.43333200,-1.37333300
8.26029992,-3.37229500,-1.32450300
8.26529992,-0.59511090,-0.12207400
8.27029992,-0.53407390,-0.54322950
8.27529992,-3.08236900,-2.49031000
8.28029992,-4.31836900,-3.43028000
8.28529992,-4.31836900,-3.33872500
8.29029992,-3.08236900,-2.84432500
8.29529992,-0.53407390,-1.91656200
8.30029992,-0.59511090,-1.47099200
8.30529992,-3.37229500,-1.56254800
8.31029992,-3.43333200,-1.58696200
8.31529992,-0.88503670,-1.58696200
8.32029992,0.28992580,-1.56254800
8.32529992,0.06103702,-1.47099200
8.33029992,0.00000000,-1.94097700
8.33529992,0.00000000,-2.96029500
8.34029992,0.06103702,-2.98471000
8.34529992,0.28992580,-2.05694700
8.35029992,-0.88503670,-1.14139200
8.35529992,-3.43333200,-0.30518510
8.36029992,-3.37229500,0.11597030
8.36529992,-0.59511090,0.02441481
8.37029992,-0.59511090,0.00000000
8.37529992,-3.37229500,0.00000000
8.38029992,-3.43333200,0.00000000
8.38529992,-0.88503670,0.00000000
8.39029992,0.35096280,-0.02441481
8.39529992,0.35096280,-0.11597030
8.40029992,-0.88503670,0.35401470
8.40529992,-3.43333200,1.37333300
8.41029992,-3.43333200,1.37333300
8.41529992,-0.88503670,0.35401470
8.42029992,0.35096280,-0.11597030
8.42529992,0.35096280,-0.02441481
8.43029992,-0.88503670,0.00000000
8.43529992,-3.43333200,0.00000000
8.44029992,-3.37229500,0.02441481
8.44529992,-0.59511090,0.11597030
8.45029992,-0.59511090,-0.32959990
8.45529992,-3.37229500,-1.25736300
8.46029992,-3.37229500,-1.72734800
8.46529992,-0.59511090,-1.72734800
8.47029992,-0.53407390,-1.25736300
8.47529992,-3.08236900,-0.32959990
8.48029992,-4.31836900,0.16479990
8.48529992,-4.31836900,0.25635550
8.49029992,-3.08236900,-0.68361460
8.49529992,-0.53407390,-2.63069600
8.50029992,-0.53407390,-3.07626600
8.50529992,-3.08236900,-1.96539200
8.51029992,-4.25733200,-1.47099200
8.51529992,-4.02844300,-1.56254800
8.52029992,-4.02844300,-1.56254800
8.52529992,-4.25733200,-1.47099200
8.53029992,-3.14340600,-1.91656200
8.53529992,-0.82399970,-2.84432500
8.54029992,0.35096280,-3.28989500
8.54529992,0.35096280,-3.19834000
8.55029992,-0.88503670,-3.17392500
8.55529992,-3.43333200,-3.17392500
8.56029992,-3.43333200,-3.17392500
8.56529992,-0.88503670,-3.17392500
8.57029992,0.28992580,-3.17392500
8.57529992,0.06103702,-3.17392500
8.58029992,0.06103702,-3.17392500
8.58529992,0.28992580,-3.17392500
8.59029992,-0.82399970,-3.19834000
8.59529992,-3.14340600,-3.28989500
8.60029992,-4.25733200,-2.84432500
8.60529992,-4.02844300,-1.91656200
8.61029992,-3.96740600,-1.47099200
8.61529992,-3.96740600,-1.56254800
8.62029992,-4.02844300,-1.58696200
8.62529992,-4.25733200,-1.58696200
8.63029992,-3.14340600,-1.61137700
8.63529992,-0.82399970,-1.70293300
8.64029992,0.28992580,-1.23294800
8.64529992,0.06103702,-0.21362960
8.65029992,0.00000000,-0.21362960
8.65529992,0.00000000,-1.23294800
8.66029992,0.00000000,-1.72734800
8.66529992,0.00000000,-1.72734800
8.67029992,0.00000000,-1.23294800
8.67529992,0.00000000,-0.21362960
8.68029992,0.00000000,-0.21362960
8.68529992,0.00000000,-1.23294800
8.69029992,0.06103702,-1.70293300
8.69529992,0.28992580,-1.61137700
8.70029992,-0.88503670,-1.58696200
8.70529992,-3.43333200,-1.58696200
8.71029992,-3.43333200,-1.58696200
8.71529992,-0.88503670,-1.58696200
8.72029992,0.28992580,-1.58696200
8.72529992,0.06103702,-1.58696200
8.73029991,0.00000000,-1.58696200
8.73529991,0.00000000,-1.58696200
8.74029991,0.06103702,-1.61137700
8.74529991,0.28992580,-1.70293300
8.75029991,-0.88503670,-1.23294800
8.75529991,-3.43333200,-0.21362960
8.76029991,-3.37229500,-0.21362960
8.76529991,-0.59511090,-1.23294800
8.77029991,-0.59511090,-1.70293300
8.77529991,-3.37229500,-1.61137700
8.78029991,-3.37229500,-1.61137700
8.78529991,-0.59511090,-1.70293300
8.79029991,-0.59511090,-1.23294800
8.79529991,-3.37229500,-0.21362960
8.80029991,-3.43333200,-0.21362960
8.80529991,-0.88503670,-1.23294800
8.81029991,0.35096280,-1.70293300
8.81529991,0.35096280,-1.61137700
8.82029991,-0.88503670,-1.58696200
8.82529991,-3.43333200,-1.58696200
8.83029991,-3.37229500,-1.58696200
8.83529991,-0.59511090,-1.58696200
8.84029991,-0.59511090,-1.56254800
8.84529991,-3.37229500,-1.47099200
8.85029991,-3.37229500,-1.94097700
8.85529991,-0.59511090,-2.96029500
8.86029991,-0.59511090,-2.98471000
8.86529991,-3.37229500,-2.05694700
8.87029991,-3.43333200,-1.11697700
8.87529991,-0.88503670,-0.18921480
8.88029991,0.35096280,-0.23804440
8.88529991,0.35096280,-1.34891800
8.89029991,-0.88503670,-1.37333300
8.89529991,-3.43333200,-0.35401470
8.90029991,-3.37229500,0.14038510
8.90529991,-0.59511090,0.14038510
8.91029991,-0.59511090,-0.32959990
8.91529991,-3.37229500,-1.25736300
8.92029991,-3.43333200,-1.67851800
8.92529991,-0.88503670,-1.49540700
8.93029991,0.35096280,-1.89214800
8.93529991,0.35096280,-2.72835500
8.94029991,-0.88503670,-3.64391000
8.94529991,-3.43333200,-4.57167300
8.95029991,-3.37229500,-4.54725700
8.95529991,-0.59511090,-3.52794000
8.96029991,-0.59511090,-3.05795500
8.96529991,-3.37229500,-3.14951000
8.97029991,-3.37229500,-3.19834000
8.97529991,-0.59511090,-3.28989500
8.98029991,-0.53407390,-2.84432500
8.98529991,-3.08236900,-1.91656200
8.99029991,-4.31836900,-1.47099200
8.99529991,-4.31836900,-1.56254800
9.00029991,-3.14340600,-1.61137700
9.00529991,-0.82399970,-1.70293300
9.01029991,0.28992580,-1.25736300
9.01529991,0.06103702,-0.32959990
9.02029991,0.00000000,0.11597030
9.02529991,0.00000000,0.02441481
